game_id,date,time,gym,home,away,type,week,status
2026-10-15-g1,2026-10-15,19:00,,fw,pa,regular,1,
2026-10-15-g2,2026-10-15,20:15,,cr,wf,regular,1,
2026-10-22-g1,2026-10-22,19:00,,wf,lh,regular,2,
2026-10-22-g2,2026-10-22,20:15,,pa,cr,regular,2,
2026-10-29-g1,2026-10-29,19:00,,lh,cr,regular,3,
2026-10-29-g2,2026-10-29,20:15,,wf,fw,regular,3,
2026-11-05-g1,2026-11-05,19:00,,fw,lh,regular,4,
2026-11-05-g2,2026-11-05,20:15,,pa,wf,regular,4,
2026-11-12-g1,2026-11-12,19:00,,fw,cr,regular,5,
2026-11-12-g2,2026-11-12,20:15,,lh,pa,regular,5,
2026-11-19-g1,2026-11-19,19:00,,cr,pa,regular,6,
2026-11-19-g2,2026-11-19,20:15,,lh,wf,regular,6,
2026-11-26-g1,2026-11-26,19:00,,wf,cr,regular,7,
2026-11-26-g2,2026-11-26,20:15,,pa,fw,regular,7,
2026-12-03-g1,2026-12-03,19:00,,pa,lh,regular,8,
2026-12-03-g2,2026-12-03,20:15,,cr,fw,regular,8,
2026-12-10-g1,2026-12-10,19:00,,wf,pa,regular,9,
2026-12-10-g2,2026-12-10,20:15,,lh,fw,regular,9,
2026-12-17-g1,2026-12-17,19:00,,fw,wf,regular,10,
2026-12-17-g2,2026-12-17,20:15,,cr,lh,regular,10,
2027-01-07-g1,2027-01-07,19:00,,lh,cr,regular,11,
2027-01-07-g2,2027-01-07,20:15,,wf,fw,regular,11,
2027-01-14-g1,2027-01-14,19:00,,fw,cr,regular,12,
2027-01-14-g2,2027-01-14,20:15,,lh,pa,regular,12,
2027-01-21-g1,2027-01-21,19:00,,fw,pa,regular,13,
2027-01-21-g2,2027-01-21,20:15,,cr,wf,regular,13,
2027-01-28-g1,2027-01-28,19:00,,wf,lh,regular,14,
2027-01-28-g2,2027-01-28,20:15,,pa,cr,regular,14,
2027-02-04-g1,2027-02-04,19:00,,fw,lh,regular,15,
2027-02-04-g2,2027-02-04,20:15,,pa,wf,regular,15,
2027-02-11-g1,2027-02-11,19:00,,wf,pa,regular,16,
2027-02-11-g2,2027-02-11,20:15,,lh,fw,regular,16,
2027-02-18-g1,2027-02-18,19:00,,wf,cr,regular,17,
2027-02-18-g2,2027-02-18,20:15,,pa,fw,regular,17,
2027-02-25-g1,2027-02-25,19:00,,pa,lh,regular,18,
2027-02-25-g2,2027-02-25,20:15,,cr,fw,regular,18,
2027-03-04-g1,2027-03-04,19:00,,fw,wf,regular,19,
2027-03-04-g2,2027-03-04,20:15,,cr,lh,regular,19,
2027-03-11-g1,2027-03-11,19:00,,cr,pa,regular,20,
2027-03-11-g2,2027-03-11,20:15,,lh,wf,regular,20,
