game_id,date,time,gym,home,away,type,week
2026-10-03-g1,2026-10-03,09:45,,dn,fg,regular,1
2026-10-03-g2,2026-10-03,11:00,,hu,nw,regular,1
2026-10-17-g1,2026-10-17,09:45,,bb,hu,regular,2
2026-10-17-g2,2026-10-17,11:00,,fg,nw,regular,2
2026-10-24-g1,2026-10-24,09:45,,bb,nw,regular,3
2026-10-24-g2,2026-10-24,11:00,,dn,hu,regular,3
2026-10-31-g1,2026-10-31,09:45,,bb,fg,regular,4
2026-10-31-g2,2026-10-31,11:00,,dn,nw,regular,4
2026-11-07-g1,2026-11-07,09:45,,bb,dn,regular,5
2026-11-07-g2,2026-11-07,11:00,,fg,hu,regular,5
2026-11-14-g1,2026-11-14,09:45,,dn,hu,regular,6
2026-11-14-g2,2026-11-14,11:00,,bb,nw,regular,6
2026-11-21-g1,2026-11-21,09:45,,fg,nw,regular,7
2026-11-21-g2,2026-11-21,11:00,,bb,hu,regular,7
2026-11-28-g1,2026-11-28,09:45,,hu,nw,regular,8
2026-11-28-g2,2026-11-28,11:00,,dn,fg,regular,8
2026-12-05-g1,2026-12-05,09:45,,dn,fg,regular,9
2026-12-05-g2,2026-12-05,11:00,,hu,nw,regular,9
2026-12-12-g1,2026-12-12,09:45,,fg,hu,regular,10
2026-12-12-g2,2026-12-12,11:00,,bb,dn,regular,10
2026-12-19-g1,2026-12-19,09:45,,dn,nw,regular,11
2026-12-19-g2,2026-12-19,11:00,,bb,fg,regular,11
2027-01-09-g1,2027-01-09,09:45,,bb,hu,regular,12
2027-01-09-g2,2027-01-09,11:00,,fg,nw,regular,12
2027-01-16-g1,2027-01-16,09:45,,bb,nw,regular,13
2027-01-16-g2,2027-01-16,11:00,,dn,hu,regular,13
2027-01-23-g1,2027-01-23,09:45,,bb,fg,regular,14
2027-01-23-g2,2027-01-23,11:00,,dn,nw,regular,14
2027-01-30-g1,2027-01-30,09:45,,bb,dn,regular,15
2027-01-30-g2,2027-01-30,11:00,,fg,hu,regular,15
2027-02-06-g1,2027-02-06,09:45,,hu,nw,regular,16
2027-02-06-g2,2027-02-06,11:00,,dn,fg,regular,16
2027-02-20-g1,2027-02-20,09:45,,fg,nw,regular,17
2027-02-20-g2,2027-02-20,11:00,,bb,hu,regular,17
2027-02-27-g1,2027-02-27,09:45,,dn,hu,regular,18
2027-02-27-g2,2027-02-27,11:00,,bb,nw,regular,18
2027-03-06-g1,2027-03-06,09:45,,dn,nw,regular,19
2027-03-06-g2,2027-03-06,11:00,,bb,fg,regular,19
2027-04-03-g1,2027-04-03,09:45,,fg,hu,regular,20
2027-04-03-g2,2027-04-03,11:00,,bb,dn,regular,20
